{"state":{"isStdOutTTY":true,"isStdErrTTY":true,"testRunDurationMs":114914.616668},"metrics":{"http_req_duration":{"type":"trend","contains":"time","values":{"min":-401.453365,"med":17.985429,"max":400.27703,"p(90)":47.609240400000004,"p(95)":68.81914135,"avg":25.954003535814607},"thresholds":{"p(95)<500":{"ok":true}}},"http_req_receiving":{"type":"trend","contains":"time","values":{"max":27.332792,"p(90)":2.5437512000000004,"p(95)":6.1493127,"avg":1.3222813433988776,"min":-460.146531,"med":1.0026905}},"http_req_failed":{"type":"rate","contains":"default","values":{"passes":0,"fails":1424,"rate":0}},"http_req_sending":{"type":"trend","contains":"time","values":{"p(90)":0.1373861,"p(95)":0.1678747,"avg":0.08828279424157294,"min":0.007965,"med":0.080512,"max":1.111406}},"data_sent":{"type":"counter","contains":"data","values":{"count":273764,"rate":2382.32531193949}},"vus":{"values":{"value":1,"min":1,"max":10},"type":"gauge","contains":"default"},"http_req_waiting":{"type":"trend","contains":"time","values":{"min":0,"med":16.254825500000003,"max":398.097379,"p(90)":43.9334562,"p(95)":64.79822669999999,"avg":24.54343939817422}},"order_placement_duration":{"values":{"p(95)":123.75,"avg":37.67696629213483,"min":-860,"med":27,"max":387,"p(90)":78},"thresholds":{"p(95)<1000":{"ok":true}},"type":"trend","contains":"default"},"http_req_duration{expected_response:true}":{"type":"trend","contains":"time","values":{"med":17.985429,"max":400.27703,"p(90)":47.609240400000004,"p(95)":68.81914135,"avg":25.954003535814607,"min":-401.453365}},"http_req_blocked":{"type":"trend","contains":"time","values":{"avg":0.023761183988764062,"min":0.003144,"med":0.012504,"max":2.474125,"p(90)":0.017601,"p(95)":0.020374649999999998}},"http_reqs":{"type":"counter","contains":"default","values":{"count":1424,"rate":12.391809164834799}},"data_received":{"type":"counter","contains":"data","values":{"count":2372712,"rate":20647.60836173701}},"error_rate":{"type":"rate","contains":"default","values":{"rate":0,"passes":0,"fails":1424},"thresholds":{"rate<0.05":{"ok":true}}},"checks":{"values":{"fails":0,"rate":1,"passes":2848},"type":"rate","contains":"default"},"iteration_duration":{"type":"trend","contains":"time","values":{"avg":2613.3439110505597,"min":2532.769353,"med":2586.51809,"max":3170.189069,"p(90)":2699.16903,"p(95)":2759.96430075}},"vus_max":{"type":"gauge","contains":"default","values":{"min":10,"max":10,"value":10}},"http_req_tls_handshaking":{"type":"trend","contains":"time","values":{"p(90)":0,"p(95)":0,"avg":0,"min":0,"med":0,"max":0}},"iterations":{"type":"counter","contains":"default","values":{"count":356,"rate":3.0979522912086996}},"http_req_connecting":{"type":"trend","contains":"time","values":{"p(90)":0,"p(95)":0,"avg":0.007068344101123595,"min":0,"med":0,"max":1.967805}}},"root_group":{"checks":[{"name":"Get Categories status 200","path":"::Get Categories status 200","id":"c6f181f93b3db75db02a0cdf93a1b80b","passes":356,"fails":0},{"passes":356,"fails":0,"name":"Get Categories duration < 500ms","path":"::Get Categories duration < 500ms","id":"33de15e7125a9fadb1144ff4c8eb291a"},{"name":"Get Menu Items status 200","path":"::Get Menu Items status 200","id":"166444d28e5899e0c7902a3ef24acc0c","passes":356,"fails":0},{"name":"Get Menu Items duration < 500ms","path":"::Get Menu Items duration < 500ms","id":"717ce5b83067b13751ac63a5f2f1c9fa","passes":356,"fails":0},{"name":"Place Order status 201","path":"::Place Order status 201","id":"2a5c00ca5d1a38d9cc860bf68ba5653d","passes":356,"fails":0},{"fails":0,"name":"Place Order has id","path":"::Place Order has id","id":"85e7b7f9f9e574e9bb9c99c3888be7fa","passes":356},{"name":"Track Order status 200","path":"::Track Order status 200","id":"c9062148f97fe0045eb06ef47df78eb5","passes":356,"fails":0},{"path":"::Track Order duration < 500ms","id":"96eb293f1bd4aaf8b87429bdcdecfea2","passes":356,"fails":0,"name":"Track Order duration < 500ms"}],"name":"","path":"","id":"d41d8cd98f00b204e9800998ecf8427e","groups":[]},"options":{"summaryTrendStats":["avg","min","med","max","p(90)","p(95)"],"summaryTimeUnit":"","noColor":false}}